Id,Decision Date,Employer,"City, State",Case Status,Job Title,Wage Offer
A-16361-84689,2017-03-31,Mediatek Usa Inc.,"San Jose, CA",Certified,"Computer Systems Analysts, Level III","147,000.00/Year"
A-16347-79786,2017-03-31,Locke Lord Llp,"Atlanta, GA",Certified,"Lawyers, Level II","111,250.08/Year"
A-16326-73159,2017-03-31,Mediatek Usa Inc.,"San Jose, CA",Certified,"Network and Computer Systems Administrators, Level I","83,000.00/Year"
A-17012-90463,2017-03-31,"Applied Materials, Inc.","Santa Clara, CA",Certified,"Materials Scientists, Level IV","135,660.00/Year"
A-16306-67290,2017-03-31,Nwea Llc,"SANTA CLARA, CA",Certified,"Logisticians, Level II","88,317.00/Year"
A-16364-85771,2017-03-31,Maxzone Vehicle Lighting Corp,"Fontana, CA",Certified,"Commercial and Industrial Designer, Level I","46,758.00/Year"
A-17027-96325,2017-03-30,Hirsh / Bedner Associates,"Santa Monica, CA",Certified,"Interior Designers, Level II","55,310.00/Year"
A-17020-93311,2017-03-30,Ase (u.s.) Inc.,"Sunnyvale, CA",Certified,"Materials Scientists, Level II","97,011.00/Year"
A-16364-85754,2017-03-30,"Startup Pavilion, Inc.","Centennial, CO",Certified,"Public Relations Specialist (Corporate Relationships), Level II","49,566.00/Year"
A-15282-26783,2017-03-29,Pvci Charter School,"Hadley, MA",Certified,"Elementary School Teachers, Except Special Education, Level II","54,897.00/Year"
A-17025-94996,2017-03-29,"Leapers, Inc.","Livonia, MI",Certified,"Software Developer, Applications, Level I","61,996.00/Year"
A-16343-78944,2017-03-29,Intel Corporation,"San Jose, CA",Certified,"Electronics Engineers, Except Computer, Level II","108,805.00/Year"
A-16302-66272,2017-03-29,"Kt Campus, Inc.","Rancho Cucamonga, CA",Certified,"Market Research Analysts and Marketing Specialists, Level I","34,382.00/Year"
A-17010-89069,2017-03-29,Analog Devices Inc.,"San Jose, CA",Certified,"Electronics Engineers, Except Computer, Level II","108,805.00/Year"
A-16271-56480,2017-03-29,Dell Products Lp,"Austin, TX",Certified,"Transportation, Storage, and Distributions Managers, Level III","95,742.00/Year"
A-16225-41936,2017-03-29,"Applied Materials, Inc.","Malta, NY",Certified,"Sales Engineers, Level III","131,580.00/Year"
A-14338-30969,2017-03-28,"H2o Clinical, Llc","Hunt Valley, MD",Certified,"Statisticians, Level I","64,938.00/Year"
A-17010-89046,2017-03-28,H.n.w Industry Inc.,"New York, NY",Certified,"Procurement Specialist, Level I","62,962.00/Year"
A-17003-86699,2017-03-28,"Oracle America, Inc.","Redwood Shores, CA",Certified,"Software Developers, Systems Software, Level II","117,444.00/Year"
A-16365-86110,2017-03-27,"Advanced Energy Industries, Inc.","Fort Collins, CO",Certified,"Computer Systems Analysts, Level I","61,755.00/Year"
A-16356-83774,2017-03-27,"Home Dynamix, Llc","Moonachie, NJ",Certified,"Graphic Designers, Level I","38,522.00/Year"
A-16350-81366,2017-03-27,"Tarleton State University, Part Of Texas A&m; Univ","Stephenville, TX",Certified,"Assistant Professor, Level I","85,052.00/Year"
A-16337-76793,2017-03-27,The Honest Company,"Los Angeles, CA",Certified,"Statisticians, Level II","90,000.00/Year"
A-17011-90071,2017-03-27,Occidental College,"Los Angeles, CA",Certified,"Assistant Professor of Sociology, Level I","66,000.00/Year"
A-17010-89509,2017-03-27,"Qualcomm Atheros, Inc.","San Jose, CA",Certified,"Software Developers, Systems Software, Level III","142,938.00/Year"
A-17005-87837,2017-03-27,"Qualcomm Atheros, Inc.","San Jose, CA",Certified,"Electronics Engineers, Except Computer, Level II","115,004.00/Year"
A-17005-87435,2017-03-27,Qualcomm Technologies Inc.,"San Diego, CA",Certified,"Software Developers, Systems Software","103,044.00/Year"
A-16312-69061,2017-03-24,Intel Corporation,"Hillsboro, OR",Certified,"Industrial Engineers, Level II","88,795.00/Year"
A-16285-60426,2017-03-24,"Mighty Enterprises, Inc.","Torrance, CA",Certified,"Electrical and Electronic Engineering Technicians, Level I","42,058.00/Year"
A-16204-35337,2017-03-24,"World Journal La, Llc","Houston, TX",Certified,"Reporters and Correspondents, Level II","38,854.00/Year"
A-16343-78880,2017-03-24,Acer America Corporation,"San Jose, CA",Certified,"Writers and Authors, Level IV","110,000.00/Year"
A-16333-75036,2017-03-23,Apple Inc.,"Cupertino, CA",Certified,"Materials Engineers, Level III","167,000.00/Year"
A-16348-80458,2017-03-22,Qualcomm Technologies Inc.,"San Diego, CA",Certified,"Software Developers, Systems Software, Level II","101,629.00/Year"
A-16344-78970,2017-03-22,Pricewaterhousecoopers,"San Jose, CA",Certified,"Accountants and Auditors, Level IV","121,202.00/Year"
A-16340-77164,2017-03-22,Sparkle Power Inc.,"Fremont, CA",Certified,"Marketing Analyst, Level I","46,500.00/Year"
A-16259-53265,2017-03-22,"Puma Industries, Inc.","Memphis, TN",Certified,"Financial Managers, Level II","80,621.00/Year"
A-16365-86058,2017-03-22,Qualcomm Technologies Inc.,"San Diego, CA",Certified,"Software Developers, Systems Software","92,997.00/Year"
A-16364-85631,2017-03-22,Qualcomm Technologies Inc.,"Raleigh, NC",Certified,"Electronics Engineers, Except Computer, Level II","111,551.00/Year"
A-17019-92734,2017-03-21,Google Inc.,"Mountain View, CA",Certified,"Software Developers, Applications, Level I","113,000.00/Year"
A-17006-88402,2017-03-21,Qualcomm Technologies Inc.,"San Diego, CA",Certified,"Software Developers, Systems Software","95,036.00/Year"
A-16355-83184,2017-03-21,Qualcomm Technologies Inc.,"San Diego, CA",Certified,"Electronics Engineers, Except Computer, Level II","98,178.00/Year"
A-17003-86597,2017-03-20,"Tzeng Long U.s.a., Inc.","Commerce, CA",Certified,"Market Research Analysts and Marketing Specialists, Level I","37,149.00/Year"
A-16342-78295,2017-03-20,The President And Trustees Of Williams College,"Williamstown, MA",Certified,"Biological Science Teachers, Postsecondary, Level I","79,600.00/Year"
A-16333-74662,2017-03-20,"Hetrick & Associates, P.c.","Greenbelt, MD",Certified,"Accountant, Level III","89,502.00/Year"
A-16328-74210,2017-03-20,Otoy Inc,"Los Angeles, CA",Certified,"Software Developer, Applications, Level II","95,000.00/Year"
A-17023-93948,2017-03-20,"California State University, Monterey Bay","SEASIDE, CA",Certified,ASSOCIATE PROFESSOR,"128,520.00/Year"
A-16323-73020,2017-03-20,"Yelp, Inc.","San Francisco, CA",Certified,"Software Developers, Systems Software, Level II","120,000.00/Year"
A-16215-38110,2017-03-20,Boojaa Inc,"New York, NY",Certified,"Wholesale and retail buyers,except farm products, Level IV","89,398.00/Year"
A-16365-86052,2017-03-17,"Big Huge Games, Inc.","Lutherville-Timonium, MD",Certified,"Statisticians, Level I","65,000.00/Year"
A-17013-90787,2017-03-17,Google Inc.,"Mountain View, CA",Certified,"Software Developers, Applications","113,000.00/Year"
A-16175-25414,2017-03-17,Kforce Inc.,"Tampa, FL",Certified,"Graphic Designers, Level I",35.00/Hour
A-17009-88606,2017-03-17,"Pure Beauty Farms, Inc","Miami, FL",Certified,"Farmworkers and Laborers, Crop, Nursery, and Greenhouse, Level I","18,034.00/Year"
A-17009-88601,2017-03-17,"Pure Beauty Farms, Inc","Miami, FL",Certified,"Farmworkers and Laborers, Crop, Nursery, and Greenhouse, Level I","18,034.00/Year"
A-17009-88556,2017-03-17,"Pure Beauty Farms, Inc","Miami, FL",Certified,"Farmworkers and Laborers, Crop, Nursery, and Greenhouse, Level I","18,034.00/Year"
A-17004-87215,2017-03-16,Cummins Inc.,"Columbus, IN",Certified,"Financial Managers, Level II","97,594.00/Year"
A-16298-64780,2017-03-16,Uber Technologies Inc.,"San Francisco, CA",Certified,"Software Developers, Applications, Level II","110,000.00/Year"
A-16364-85641,2017-03-16,Yahoo! Inc.,"Sunnyvale, CA",Certified,"Software Developers, Systems Software","106,913.00/Year"
A-16165-20842,2017-03-16,Google Inc.,"New York, NY",Certified,"Software Developers, Applications","113,000.00/Year"
A-16355-82882,2017-03-16,Cummins Inc.,"Columbus, IN",Certified,"Mechanical Engineers, Level II","75,600.00/Year"
A-16355-82741,2017-03-16,"Interface Rehab, Inc.","Placentia, CA",Certified,"Speech Language Pathologist, Level I",32.00/Hour
A-16291-62391,2017-03-16,Wittenberg University,"Springfield, OH",Certified,"Recreation and Fitness Studies Teachers, Postsecondary, Level I","50,017.00/Year"
A-16351-81783,2017-03-16,Trusted Insight,"New York, NY",Certified,"Mathematicians, Level I","85,000.00/Year"
A-16342-77971,2017-03-16,Renaissance Academy,"LEHI, UT",Certified,"CHINESE LANGUAGE TEACHER, Level II","44,950.00/Year"
A-17006-88191,2017-03-16,Gracenote,"Emeryville, CA",Certified,"Software Developers, Systems Software, Level II","117,000.00/Year"
A-16337-76479,2017-03-16,Trexquant Management Llc,"Stamford, CT",Certified,"Statisticians, Level III","113,256.00/Year"
A-16236-45572,2017-03-16,Uber Technologies Inc.,"San Francisco, CA",Certified,"Software Developers, Systems Software, Level II","113,381.00/Year"
A-16326-73317,2017-03-16,Chateau International Inc.,"Edison, NJ",Certified,"Accountants and Auditors, Level I","70,000.00/Year"
A-17005-87617,2017-03-16,"Pure Beauty Farms, Inc","Miami, FL",Certified,"Farmworkers and Laborers, Crop, Nursery, and Greenhouse, Level I","18,034.00/Year"
A-17005-87583,2017-03-16,"Pure Beauty Farms, Inc","Miami, FL",Certified,"Farmworkers and Laborers, Crop, Nursery, and Greenhouse, Level I","18,034.00/Year"
A-16355-83115,2017-03-15,Google Inc.,"Mountain View, CA",Certified,"Software Developers, Applications, Level I","113,000.00/Year"
A-16355-82787,2017-03-15,The University Of Chicago,"Chicago, IL",Certified,"Mathematical Science Teachers, Postsecondary, Level I","60,000.00/Year"
A-16354-82341,2017-03-15,"Foxconn Ems, Inc.","Houston, TX",Certified,"Mechanical Engineers, Level II","87,381.00/Year"
A-17027-96099,2017-03-15,Google Inc.,"Mountain View, CA",Certified,"Software Developers, Applications, Level I","113,000.00/Year"
A-17024-94881,2017-03-15,"Touchofmodern, Inc.","San Francisco, CA",Certified,"Market Research Analysts and Marketing Specialists, Level II","115,000.00/Year"
A-16343-78859,2017-03-15,Intel Corporation,"Hillsboro, OR",Certified,"Electronics Engineers, Except Computer, Level III","95,867.00/Year"
A-16161-19757,2017-03-14,Chinese American Service League,"Chicago, IL",Certified,"Child, Family, and School Social Workers, Level II","42,245.00/Year"
A-16354-82598,2017-03-14,Wonder Workshop,"San Mateo, CA",Certified,"Software Developers, Applications, Level II","115,000.00/Year"
A-16349-80870,2017-03-14,"Western Digital (fremont), Llc","Fremont, CA",Certified,"Materials Scientists, Level III","130,728.00/Year"
A-16315-70098,2017-03-13,Solarcity,"Fremont, CA",Certified,"Software Developers, Systems Software, Level I","100,000.00/Year"
A-16309-68461,2017-03-13,Intel Corporation,"Hillsboro, OR",Certified,"Materials Engineers, Level III","94,682.00/Year"
A-16301-65804,2017-03-13,Intel Corporation,"Hillsboro, OR",Certified,Sales Engineers,"107,707.00/Year"
A-16343-78843,2017-03-10,"University Of California, Berkeley","Berkeley, CA",Certified,"Social Work Teachers, Postsecondary, Level I","81,000.00/Year"
A-16341-77843,2017-03-10,"Synopsys, Inc.","Mountain View, CA",Certified,"Electronics Engineers, Except Computer, Level II","115,200.00/Year"
A-16194-31743,2017-03-10,"Applied Materials, Inc.","Austin, TX",Certified,"Accountants and Auditors, Level II","79,000.00/Year"
A-16168-22630,2017-03-10,Green Osa Llc,"Austin, TX",Certified,"Preschool Teachers, Except Special Education, Level IV","37,024.00/Year"
A-16350-81443,2017-03-10,University Of Northern Iowa,"Cedar Falls, IA",Certified,"Social Work Teachers, Postsecondary, Level I","48,000.00/Year"
A-16314-69808,2017-03-09,"Gemological Institute Of America, Inc.","New York, NY",Certified,"Statisticians, Level I","80,000.00/Year"
A-16190-30808,2017-03-09,Eforcity Corporation,"City of Industry, CA",Certified,"Computer Occupations, All Other, Level II","63,149.00/Year"
A-16134-10118,2017-03-09,"Sojern, Inc.","San Francisco, CA",Certified,"Software Developers, Systems Software, Level II","135,000.00/Year"
A-16203-34960,2017-03-08,Diamond Wipes International Inc.,"Chino, CA",Certified,"Art Director, Level II","67,870.00/Year"
A-16357-84313,2017-03-08,"Edgewood College, Inc.","Madison, WI",Certified,"Education Teachers, Postsecondary, Level I","55,000.00/Year"
A-16312-69086,2017-03-08,Tsmc North America,"San Jose, CA",Certified,"Industrial Engineers, Level II","99,778.00/Year"
A-16307-67748,2017-03-08,Huvepharma Inc,"PEACHTREE CITY, GA",Certified,"TECHNICAL SERVICES VETERINARIAN, Level III","100,000.00/Year"
A-16307-67629,2017-03-08,"Tucci Learning Solutions, Inc.","Watsonville, CA",Certified,"Mental Health Counselors, Level II","38,000.00/Year"
A-16179-26555,2017-03-06,Yama Seiki Usa Inc,"Chino, CA",Certified,"Electrical Engineer, Level I","59,218.00/Year"
A-16130-07048,2017-03-06,Globalfoundries U.s. Inc.,"Malta, NY",Certified,"Electronics Engineers, Except Computer, Level IV","96,948.00/Year"
A-16349-80994,2017-03-06,Microsoft Corporation,"Redmond, WA",Certified,"Software Developers, Applications, Level II","114,000.00/Year"
A-16348-80498,2017-03-06,Lam Research Corporation,"Tualatin, OR",Certified,"Materials Engineers, Level III","94,682.00/Year"
A-16348-80148,2017-03-06,"H2o Clinical, Llc","Hunt Valley, MD",Certified,"Accountants and Auditors, Level I","47,882.00/Year"
A-16343-78869,2017-03-06,Chen & Fan Accountancy Corporation,"EL MONTE, CA",Certified,"Accountants and Auditors, Level III","80,000.00/Year"
A-16343-78833,2017-03-06,Chen & Fan Accountancy Corporation,"EL MONTE, CA",Certified,"Accountants and Auditors, Level III","80,000.00/Year"
A-16333-74968,2017-03-06,Tung Chyuan Investment Inc.,"Dallas, TX",Certified,"Web Developer, Level I","46,155.00/Year"
A-16308-68153,2017-03-06,Microsoft Corporation,"Redmond, WA",Certified,"Software Developers, Applications, Level III","133,500.00/Year"
A-16277-58376,2017-03-03,Intel Corporation,"Hillsboro, OR",Certified,"Software Developers, Systems Software, Level IV","115,939.00/Year"
A-16265-54736,2017-03-03,"Itron, Inc.","West Union, SC",Certified,"Computer Systems Analysts, Level IV","81,619.00/Year"
A-16329-74441,2017-03-03,Microsoft Corporation,"Redmond, WA",Certified,"Software Developers, Applications, Level I","130,054.00/Year"
A-16125-05720,2017-03-03,Stretch-o-rama Dba Longstreet,"New York, NY",Certified,"Fine Artists, Including Painters, Sculptors, and Illustrators, Level II","55,869.00/Year"
A-16267-55643,2017-03-02,Microsoft Corporation,"Redmond, WA",Certified,"Software Developers, Applications, Level IV","146,500.00/Year"
A-16236-45407,2017-03-02,Microsoft Corporation,"Redmond, WA",Certified,"Software Developers, Applications, Level II","114,000.00/Year"
A-16344-79235,2017-03-02,Unifrax I Llc,"Tonawanda, NY",Certified,"Industrial Engineers, Level II","66,934.00/Year"
A-16340-77163,2017-03-02,Case Farms Processing Inc.,"Morganton, NC",Certified,"Butchers and Meat Cutters, Level I",9.60/Hour
A-16351-81927,2017-03-01,"Cofan, Komot Usa, Inc.","Fremont, CA",Certified,"Accountants and Auditors, Level II","70,242.00/Year"
A-16348-80123,2017-03-01,Agma Systems Llc,"Bridgewater, NJ",Certified,"Software Developers, Applications, Level III","103,626.00/Year"
A-16347-79601,2017-03-01,"Optimatic Media, Inc.","New York, NY",Certified,"Software Developers, Applications, Level I","75,000.00/Year"
A-16337-76802,2017-02-28,"Pure Beauty Farms, Inc","Miami, FL",Certified,"Farmworkers and Laborers, Crop, Nursery, and Greenhouse, Level I","18,034.00/Year"
A-16320-71309,2017-02-28,First National Bank Of Omaha,"Omaha, NE",Certified,"Statisticians, Level I","58,000.00/Year"
A-16355-83109,2017-02-27,"Defender Services, Inc.","Hendersonville, NC",Certified,"Packers and Packagers, Level I",8.20/Hour
A-16335-75657,2017-02-27,Community College Of Rhode Island,"Lincoln, RI",Certified,"Sociology Teachers, Postsecondary","46,991.00/Year"
A-16318-70811,2017-02-27,Comfylife Inc,"Fremont, CA",Certified,"Commercial and Industrial Designer, Level I","48,610.00/Year"
A-16342-78417,2017-02-24,Kpmg Llp,"Houston, TX",Certified,"Accountants and Auditors, Level II","84,000.00/Year"
A-16342-78286,2017-02-24,Ebs Healthcare,"West Chester, PA",Certified,"Speech-Language Pathologist, Level II","73,341.00/Year"
A-16340-77395,2017-02-24,Draw Academy,"Houston, TX",Certified,"Education Administrators, Elementary and Secondary School, Level II","70,837.00/Year"
A-16337-76867,2017-02-24,Deluxe Media Creative Services Inc.,"Santa Monica, CA",Certified,"Software Developers, Applications, Level II","93,163.00/Year"
A-16307-67429,2017-02-23,Sam Houston State University,"Huntsville, TX",Certified,"Mathematical Science Teachers, Postsecondary, Level I","61,308.00/Year"
A-16189-30383,2017-02-23,Alphavista Services Inc.,"Sunnyvale, CA",Certified,"Speech Language Pathologist, Level II","82,950.00/Year"
A-15303-34145,2017-02-23,Los Angeles Church,"El Monte, CA",Certified,"Student Tutor, Level III","52,647.00/Year"
A-16313-69152,2017-02-22,Ostendo Technologies Inc.,"Carlsbad, CA",Certified,"Materials Engineers, Level II","83,325.00/Year"
A-16312-69024,2017-02-22,"Dorado-da North America, Inc.","Sunnyvale, CA",Certified,"Sales Engineers, Level II","109,512.00/Year"
A-16307-67682,2017-02-22,Qualcomm Technologies Inc.,"San Diego, CA",Certified,"Software Developers, Systems Software, Level II","107,370.00/Year"
A-16340-77427,2017-02-22,Qualcomm Technologies Inc.,"San Diego, CA",Certified,"Software Developers, Systems Software, Level II","103,106.00/Year"
A-16312-68989,2017-02-21,"Dorado-da North America, Inc.","Sunnyvale, CA",Certified,"Electronics Engineers, Except Computer, Level II","108,805.00/Year"
A-16348-80321,2017-02-21,"Defender Services, Inc.","Gastonia, NC",Certified,"Packers and Packagers, Level I",8.27/Hour
A-16348-80318,2017-02-21,"Defender Services, Inc.","Gastonia, NC",Certified,"Packers and Packagers, Level I",8.27/Hour
A-16347-79858,2017-02-21,"Defender Services, Inc.","Hendersonville, NC",Certified,"Packers and Packagers, Level I",8.20/Hour
A-16341-77893,2017-02-21,Dell Usa Lp,"Round Rock, TX",Certified,Market Research Analysts and Marketing Specialists,"121,280.00/Year"
A-16172-23787,2017-02-21,"All Pets Animal Hospital, Llc","Katy, TX",Certified,"Veterinarians, Level I","60,445.00/Year"
A-16251-50254,2017-02-17,Digital River,"Minnetonka, MN",Certified,"Software Developers, Applications, Level I","62,733.00/Year"
A-16138-11294,2017-02-17,"Qualcomm Atheros, Inc.","San Diego, CA",Certified,"Software Developers, Systems Software, Level II","129,252.00/Year"
A-16309-68525,2017-02-16,"Groupon, Inc.","Chicago, IL",Certified,"Statisticians, Level I","48,485.00/Year"
A-16212-37484,2017-02-16,Jcg Foods Of Georgia Llc D/b/a Koch Foods,"Pine Mountain Valley, GA",Certified,"Meat, Poultry, and Fish Cutters and Trimmers, Level I","20,654.00/Year"
A-16195-32515,2017-02-16,"Defender Services, Inc.","Gastonia, NC",Certified,"Packers and Packagers, Level I",8.20/Hour
A-16146-14418,2017-02-16,"World Journal La, Llc","Monterey Park, CA",Certified,"Public Relations Specialists, Level I","40,747.00/Year"
A-16337-76566,2017-02-15,"Pure Beauty Farms, Inc","Miami, FL",Certified,"Farmworkers and Laborers, Crop, Nursery, and Greenhouse, Level I","18,034.00/Year"
A-16336-76179,2017-02-15,"Pure Beauty Farms, Inc","Miami, FL",Certified,"Farmworkers and Laborers, Crop, Nursery, and Greenhouse, Level I","18,034.00/Year"
A-16312-69114,2017-02-15,Access Distributors Inc. Dba: Encon Electronics,"Hayward, CA",Certified,"Management Analyst, Level III","94,994.00/Year"
A-16295-63963,2017-02-15,"Ads Alliance Data Systems, Inc.","Chicago, IL",Certified,"Statisticians, Level II","88,000.00/Year"
A-16266-55316,2017-02-15,Microsoft Corporation,"Redmond, WA",Certified,"Software Developers, Applications, Level II","106,101.00/Year"
A-16301-66076,2017-02-14,Life Steps Foundation Children And Family Services,"Diamond Bar, CA",Certified,"Educational, Guidance, School, and Vocational Counselors, Level II","51,189.00/Year"
A-16169-23240,2017-02-14,"Lee & Lee Washington, Inc.","Rockville, MD",Certified,"Market Research Analysts and Marketing Specialists, Level I","40,040.00/Year"
A-16350-81555,2017-02-14,Qualcomm Technologies Inc.,"San Diego, CA",Certified,"Marketing Managers, Level II","116,938.00/Year"
A-16348-80036,2017-02-14,Amazon Corporate Llc,"Seattle, WA",Certified,"Transportation, Storage, and Distribution Managers, Level IV","128,000.00/Year"
A-16344-79304,2017-02-14,Amazon Corporate Llc,"Seattle, WA",Certified,"Web Developers, Level II","70,034.00/Year"
A-16343-78585,2017-02-14,Genesis Research Llc,"Hoboken, NJ",Certified,"Statisticians, Level I","60,000.00/Year"
A-16343-78551,2017-02-14,Goldman Sachs & Co.,"Salt Lake City, UT",Certified,"Financial Analysts, Level III","79,851.00/Year"
A-16285-60503,2017-02-13,Ruckus Wireless Inc,"Sunnyvale, CA",Certified,"Accountants and Auditors, Level II","80,000.00/Year"
A-16351-81752,2017-02-13,Bauer Controls,"Plymouth, MI",Certified,"Software Developers, Applications, Level II","81,203.00/Year"
A-16322-72418,2017-02-13,Ase (u.s.) Inc.,"Sunnyvale, CA",Certified,"Materials Engineers, Level II","109,533.00/Year"
A-16337-76758,2017-02-10,"Defender Services, Inc.","Gastonia, NC",Certified,"Packers and Packagers, Level I",8.27/Hour
A-16333-74820,2017-02-10,Cyence Inc.,"San Mateo, CA",Certified,"Statisticians, Level I","115,000.00/Year"
A-16327-73927,2017-02-10,"Facebook, Inc.","Seattle, WA",Certified,"Software Developers, Systems Software, Level II","122,534.00/Year"
A-16327-73892,2017-02-10,"Facebook, Inc.","Seattle, WA",Certified,"Multimedia Artists and Animators, Level I","110,906.25/Year"
A-16228-42162,2017-02-10,"Aruze Gaming America, Inc.","LAS VEGAS, NV",Certified,"CHIEF EXECUTIVE, Level I","110,000.00/Year"
A-16021-63447,2017-02-09,Salesforce.com,"San Francisco, CA",Certified,"Accountants and Auditors, Level II","100,000.00/Year"
A-16341-77889,2017-02-09,"Samsung Austin Semiconductor, Llc","Austin, TX",Certified,"Materials Engnieers, Level II","85,987.00/Year"
A-16320-71532,2017-02-09,Amazon Corporate Llc,"Seattle, WA",Certified,"Software Developers, Systems Software, Level III","116,459.00/Year"
A-16308-67994,2017-02-09,Apple Inc.,"Cupertino, CA",Certified,"Logisticians, Level II","130,000.00/Year"
A-16356-83513,2017-02-09,George Washington University,"Washington, DC",Certified,"Foreign Language and Literature Teachers, Postsecondary, Level II","65,000.00/Year"
A-16355-82977,2017-02-09,Globalfoundries U.s. Inc.,"MALTA, NY",Certified,"Materials Engineers, Level III","104,766.00/Year"
A-16291-62415,2017-02-09,Antra Inc,"Dulles, VA",Certified,"Software Developers, Applications, Level II","90,646.00/Year"
A-16260-53404,2017-02-08,Quotient Technology Inc.,"Mountain View, CA",Certified,"Software Developers, Applications, Level II","120,349.00/Year"
A-16322-72504,2017-02-07,Nancy Lin (private Household),"Riverhead, NY",Certified,"Chinese Food Cook (Household, Liveout), Level IV","33,696.00/Year"
A-16175-25284,2017-02-07,Ebara International Corporation,"Sparks, NV",Certified,"Mechanical Engineers, Level II","77,896.00/Year"
A-16013-60847,2017-02-07,Angelo State University,"San Angelo, TX",Certified,"Health Specialties Teachers, Postsecondary, Level III","85,689.00/Year"
A-16335-75633,2017-02-06,"Engineering Technology Associates, Inc.","Troy, MI",Certified,"Mechanical Engineer, Level III","90,920.00/Year"
A-16323-72991,2017-02-06,Amazon Corporate Llc,"Seattle, WA",Certified,"Software Developers, Applications, Level II","101,088.00/Year"
A-16320-71684,2017-02-06,"Koch Foods, Llc","MORRISTOWN, TN",Certified,"POULTRY PROCESSOR, Level I","17,222.00/Year"
A-16301-66024,2017-02-06,Maxzone Vehicle Lighting Corp,"Fontana, CA",Certified,"Market Research Analyst and Marketing Specialist, Level I","34,382.00/Year"
A-16167-22297,2017-02-06,"Excellence Opto, Inc.","Pomona, CA",Certified,"Electrical Engineers, Level II","91,645.00/Year"
A-16341-77736,2017-02-03,Arc United Corp.,"Ontario, CA",Certified,"Marketing Analyst, Level I","45,000.00/Year"
A-16334-75465,2017-02-03,Dennison Inc.,"City of Industry, CA",Certified,"Chemical Engineer, Level I","67,725.00/Year"
A-16238-46615,2017-02-03,Apple Inc.,"Cupertino, CA",Certified,"Materials Engineers, Level III","168,000.00/Year"
A-16201-34174,2017-02-03,"Intercontinental Exchange Holdings, Inc.","Atlanta, GA",Certified,"Statisticians, Level I","53,000.00/Year"
A-16327-73810,2017-02-03,Matter Inc.,"San Francisco, CA",Certified,"Commercial and Industrial Designers, Level I",27.75/Hour
A-16322-72365,2017-02-03,Illumina,"San Diego, CA",Certified,"Biochemists and Biophysicists, Level I","54,746.00/Year"
A-16306-67281,2017-02-02,Qualcomm Technologies Inc.,"San Diego, CA",Certified,"Electronics Engineers, Except Computer, Level II","103,501.00/Year"
A-16348-80178,2017-02-02,"Facebook, Inc.","Menlo Park, CA",Certified,"Software Developers, Applications, Level II","156,574.00/Year"
A-16334-75396,2017-02-02,Amazon Corporate Llc,"Seattle, WA",Certified,"Financial Managers, Level II","100,000.00/Year"
A-16334-75371,2017-02-02,Ming Chiang,"Amityville, NY",Certified,"Computer Systems Analysts, Level I","65,000.00/Year"
A-16334-75307,2017-02-02,"Ching Hsin Wong, D.d.s. Inc","Milpitas, CA",Certified,"Dentists, General, Level I","125,143.00/Year"
A-16334-75302,2017-02-02,"Silanna Semiconductor North America, Inc.","San Diego, CA",Certified,"Transportation, Storage, and Distribution Managers, Level II","80,350.00/Year"
A-16327-73793,2017-02-02,"Via Global Logistics, Inc.","Jamaica, NY",Certified,"Transportation, Storage and Distribution Managers, Level II","98,634.00/Year"
A-16291-62528,2017-02-01,Zebra Technologies Corporation,"Holtsville, NY",Certified,"Electronics Engineers, Except Computer","99,494.00/Year"
A-16256-51881,2017-02-01,"Omnivision Technologies, Inc.","Santa Clara, CA",Certified,"Electronics Engineers, Except Computer, Level II","108,805.00/Year"
A-16323-73019,2017-02-01,Tubular Labs,"Mountain View, CA",Certified,"Software Developers, Applications, Level II","125,000.00/Year"
A-15202-00548,2017-02-01,"Ctbc Bank Co., Ltd.","New York City, NY",Certified,"Credit Analyst, Level II","92,435.00/Year"
A-16166-21611,2017-02-01,"Infovalue Computing, Inc.","ELMSFORD, NY",Certified,"GRAPHIC DESIGNERS, Level II","51,979.00/Year"
A-16321-71951,2017-02-01,Tct Mobile Inc.,"Bellevue, WA",Certified,"Logisticians, Level I","80,000.00/Year"
A-16146-14510,2017-02-01,Sandisk Corporation,"Milpitas, CA",Certified,"Electronics Engineers, Except Computer, Level II","122,672.00/Year"
A-16320-71520,2017-02-01,Qualcomm Technologies Inc.,"San Diego, CA",Certified,"Software Developers, Systems Software, Level II","102,794.00/Year"
A-16155-17798,2017-01-31,Nvidia Corporation,"Santa Clara, CA",Certified,"Electronics Engineers, Except Computer, Level II","117,400.00/Year"
A-16307-67316,2017-01-27,Fastmaker Llc,"Gardena, CA",Certified,"Purchasing Managers, Level IV","133,000.00/Year"
A-16302-66216,2017-01-27,Welfresh Market Inc.,"Sugar Land, TX",Certified,"Equipment Service Technician, Level II","38,500.00/Year"
A-16322-72252,2017-01-27,"Nexgrill Industries, Inc.","Chino, CA",Certified,"Marketing Specialist, Level II","45,677.00/Year"
A-16320-71587,2017-01-27,"Delta Tau Data Systems, Inc.","Chatsworth, CA",Certified,"Sales Engineers, Level II","92,650.27/Year"
A-16323-72751,2017-01-26,Solar Solutions Inc. Dba Complete Property Service,"ONTARIO, CA",Certified,"TRAINING AND DEVELOPMENT SPECIALISTS, Level II","47,445.00/Year"
A-16307-67444,2017-01-26,"Artists Den Entertainment, Llc","New York, NY",Certified,"Film and Video Editor, Level II","53,706.00/Year"
A-16293-63238,2017-01-26,"Lotadata, Inc.","San Francisco, CA",Certified,"Computer and Information Systems Managers, Level III","173,056.00/Year"
A-16286-61221,2017-01-26,University Of Rochester,"Rochester, NY",Certified,"Computer Science Teachers, Postsecondary, Level I","60,350.00/Year"
A-16160-19605,2017-01-25,Iowa State University,"Ames, IA",Certified,"Business Teachers, Postsecondary, Level I","75,000.00/Year"
A-16322-72497,2017-01-25,"Major Communications, Inc. (dba Beyond Cell)","Irwindale, CA",Certified,"Graphic Designer, Level II","46,155.00/Year"
A-16306-67268,2017-01-25,"Facebook, Inc.","Menlo Park, CA",Certified,"Software Developers, Applications, Level II","136,573.00/Year"
A-16298-64459,2017-01-25,"Anthem, Inc.","Indianapolis, IN",Certified,"Computer Systems Analysts, Level IV","117,091.00/Year"
A-16314-69830,2017-01-24,"Celestron Acquisition, Llc","Torrance, CA",Certified,"Accountants and Auditors, Level II","63,086.00/Year"
A-16278-58896,2017-01-23,"Cadence Design Systems, Inc.","SAN JOSE, CA",Certified,"Electronics Engineers, Except Computer, Level II","118,228.00/Year"
A-16319-71052,2017-01-23,First America Metal Corporation,"Morris, IL",Certified,"Logisticians, Level I","41,000.00/Year"
A-16139-11621,2017-01-23,"Sun Marble At Fresno, Inc","Fresno, CA",Certified,"Wholesale and Retail Buyers, Except Farm Products, Level III","50,045.00/Year"
A-16134-09696,2017-01-20,Kforce Inc.,"Tampa, FL",Certified,"Software Developers, Applications, Level I",34.00/Hour
A-16305-66684,2017-01-20,Texas Instruments Incorporated,"Manchester, NH",Certified,"Electronics Engineers, Except Computer, Level III","103,400.00/Year"
A-16319-70982,2017-01-20,"Gyro, Llc","New York, NY",Certified,"Multimedia Artists and Animators, Level I","90,000.00/Year"
A-16246-49470,2017-01-20,Apple Inc.,"Cupertino, CA",Certified,"Mechanical Engineers, Level II","123,812.00/Year"
A-16242-47606,2017-01-19,"University Of California, Davis","Davis, CA",Certified,"Mathematical Science Teachers, Postsecondary, Level I","142,082.00/Year"
A-16315-70224,2017-01-19,Microsoft Corporation,"Redmond, WA",Certified,"Software Developers, Applications, Level II","133,500.00/Year"
A-16315-70090,2017-01-19,Law Office Of Yeung & Wang Pllc,"Flushing, NY",Certified,"Loan Officers, Level I","50,000.00/Year"
A-16314-69833,2017-01-19,"Semiconductor Components Industries, Llc","Meridian, ID",Certified,"Electronics Engineers, Except Computer, Level II","85,342.00/Year"
A-16309-68648,2017-01-18,Inteplast Group Corporation,"Lolita, TX",Certified,"Technical Engineer, Level I","73,500.00/Year"
A-16238-46553,2017-01-18,Q-edge Corporation,"Plainfield, IN",Certified,"Software Developers, Applications, Level II","74,485.00/Year"
A-16309-68494,2017-01-18,O.e.c. Shipping Los Angeles Inc.,"Cerritos, CA",Certified,"Marketing Managers, Level II","115,000.00/Year"
A-16228-42533,2017-01-18,Qualcomm Technologies Inc.,"San Diego, CA",Certified,"Software Developers, Systems Software, Level III","127,172.00/Year"
A-16201-34140,2017-01-18,Qualcomm Technologies Inc.,"Irvine, CA",Certified,"Electronics Engineers, Except Computer, Level III","131,290.00/Year"
A-16126-06130,2017-01-18,"A.t.x. Express, Inc.","Montclair, CA",Certified,"Bookkeeping, Accounting, and Auditing Clerks, Level III","39,686.00/Year"
A-16291-62389,2017-01-18,Texas Instruments Incorporated,"Santa Clara, CA",Certified,"Electronics Engineers, Except Computer, Level III","131,955.00/Year"
A-16277-58344,2017-01-18,"Synopsys, Inc.","MOUNTAIN VIEW, CA",Certified,"Electronics Engineers, Except Computer, Level II","108,992.00/Year"
A-16208-36075,2017-01-17,Intelligent Epitaxy Technology Inc.,"Richardson, TX",Certified,"Accountants and Auditors, Level I","53,000.00/Year"
A-16305-66699,2017-01-17,Brighton-best International Inc,"Long Beach, CA",Certified,"Computer Occupations, All Other, Level II","61,610.00/Year"
A-16301-65894,2017-01-13,Nan Ya Plastics Corporation Usa,"HOUSTON, TX",Certified,"PUBLIC RELATIONS SPECIALISTS, Level II","47,195.00/Year"
A-16300-65650,2017-01-13,Qualcomm Technologies Inc.,"SAN DIEGO, CA",Certified,"Software Developers, Systems Software, Level II","101,525.00/Year"
A-16300-65360,2017-01-13,Fabrizio Accessories Llc,"New York, NY",Certified,"Computer Occupations, All Other, Level I","77,293.00/Year"
A-16277-58246,2017-01-13,Ibm Corporation,"Chicago, IL",Certified,"Software Developers, Applications, Level II","71,843.00/Year"
A-16286-61142,2017-01-12,University Of Pennsylvania,"Philadelphia, PA",Certified,"Assistant Professor of Anesthesiology and Critical Care, Level IV","200,000.00/Year"
A-16286-60828,2017-01-12,"Sc & Associates, Llp","Great Neck, NY",Certified,"Accountants and Auditors, Level IV","107,182.00/Year"
A-16285-60523,2017-01-12,"Micro Lithography, Inc.","Sunnyvale, CA",Certified,"Industrial Engineer, Level I","80,870.00/Year"
A-16251-50248,2017-01-12,Inovant Llc,"San Francisco, CA",Certified,"Software Developers, Systems Software, Level II","115,003.20/Year"
A-16291-62349,2017-01-12,"Advantes Speech Therapy Services, Inc","Diamond Bar, CA",Certified,"Speech-Language Pathologist, Level I",38.00/Hour
A-16120-03875,2017-01-11,Life Steps Foundation Children And Family Services,"Diamond Bar, CA",Certified,"Educational, Guidance, School, and Vocational Counselors, Level I","38,064.00/Year"
A-16263-53960,2017-01-11,"Ooyala, Inc.","Santa Clara, CA",Certified,"Software Developers, Systems Software, Level II","125,000.00/Year"
A-16144-13220,2017-01-11,Loves7 Llc,"Salem, NH",Certified,"Computer and Information Systems Managers, Level IV","152,277.00/Year"
A-16133-09277,2017-01-11,Ace Result Llc Dba Atlantic Technology,"Norwood, MA",Certified,"Marketing research analysts and marketing specialists, Level I","40,914.00/Year"
A-16323-72593,2017-01-11,United Pacific Industries Inc.,"Long Beach, CA",Certified,"Graphic Designer, Level I","34,100.00/Year"
A-16309-68264,2017-01-11,"Defender Services, Inc.","Hendersonville, NC",Certified,"Packers and Packagers, Level I",8.20/Hour
A-16226-42120,2017-01-11,Asus Computer International,"Fremont, CA",Certified,"Software Developers, Applications, Level II","100,360.00/Year"
A-16287-61645,2017-01-11,Intel Corporation,"Hillsboro, OR",Certified,"Materials Engineers, Level III","94,682.00/Year"
A-16281-60100,2017-01-11,Intel Corporation,"Hillsboro, OR",Certified,"Materials Engineers, Level II","77,043.00/Year"
A-16285-60623,2017-01-11,Thomson Reuters (tax & Accounting) Inc.,"Carrollton, TX",Certified,"Market Research Analysts and Marketing Specialists, Level I","66,078.92/Year"
A-16183-28533,2017-01-10,Louisiana State University In Shreveport,"Shreveport, LA",Certified,"Psychology Teachers, Postsecondary, Level I","48,000.00/Year"
A-16295-63923,2017-01-10,Mediatek Usa Inc.,"San Jose, CA",Certified,"Software Developers, Systems Software, Level II","123,000.00/Year"
A-16104-96536,2017-01-10,Venus Laboratories Dba Earth Friendly Products,"Lacey, WA",Certified,"Sales Managers, Level II","71,323.00/Year"
A-16292-62848,2017-01-10,"Oracle America, Inc.","Redwood Shores, CA",Certified,"Software Developers, Systems Software, Level II","113,381.00/Year"
A-16279-59201,2017-01-10,Apple Inc.,"Cupertino, CA",Certified,"Software Developers, Systems Software","127,617.00/Year"
A-16245-49152,2017-01-10,Adobe Systems Incorporated,"San Jose, CA",Certified,"Computer Systems Analysts, Level II","105,872.00/Year"
A-16307-67392,2017-01-10,"Tai Tung Pharmacy, Inc.","Boston, MA",Certified,"Pharmacist, Level I","92,019.00/Year"
A-16305-66889,2017-01-10,Ampro Adlink Technology Inc.,"San Jose, CA",Certified,"Database Administrators, Level I","81,520.00/Year"
A-16285-60493,2017-01-10,Global Unichip Corporation-na,"San Jose, CA",Certified,"Sales Engineers, Level II","109,512.00/Year"
A-16189-30229,2017-01-10,Ecolab Inc.,"Naperville, IL",Certified,"Marketing Managers, Level II","104,290.00/Year"
A-16306-66982,2017-01-09,"Defender Services, Inc.","Gastonia, NC",Certified,"Packers and Packagers, Level I",8.27/Hour
A-16260-53508,2017-01-09,Advanced Industrial Computer Inc,"City of Industry, CA",Certified,"Market Research Analysts and Marketing Specialists, Level I","42,000.00/Year"
A-16308-67971,2017-01-09,"Defender Services, Inc.","Gastonia, NC",Certified,"Packers and Packagers, Level I",8.27/Hour
A-16222-40511,2017-01-06,Apple Inc.,"Cupertino, CA",Certified,"Electronics Engineers, Except Computer, Level II","145,000.00/Year"
A-16189-30318,2017-01-06,Us Army Defense Language Institute Foreign La,"Monterey, CA",Certified,"Foreign Language Teacher, Level I","55,400.00/Year"
A-16137-10635,2017-01-06,Garden Banner Foods,"Commerce, CA",Certified,"Business Development Specialist, Level I","39,354.00/Year"
A-16279-59341,2017-01-06,"Carol Stream Fitness, Llc D/b/a Retro Fitness","Carol Stream, IL",Certified,"Bookkeeping, Accounting, and Auditing Clerks, Level III","40,830.00/Year"
A-16294-63591,2017-01-05,Ebs Healthcare,"West Chester, PA",Certified,"Occupational Therapists, Level III","76,586.00/Year"
A-16281-59982,2017-01-05,"California State University, Fullerton","Fullerton, CA",Certified,Assistant Professor of Economics,"94,500.00/Year"
A-16132-08154,2017-01-05,"House Of International, Inc. (dba Apex Casket Co.)","Pomona, CA",Certified,"Carpenters, Level IV","66,373.00/Year"
A-16266-55191,2017-01-04,Sharp Electronics Corporation D/b/a Sharp Microelectronics Of Th,"CAMAS, WA",Denied,"MARKETING MANAGER, Level IV","133,515.00/Year"
A-16288-62021,2017-01-04,"Synopsys, Inc.","Mountain View, CA",Certified,"Electronics Engineers, Except Computer, Level II","108,992.00/Year"
A-16280-59834,2017-01-04,Motorola Mobility Llc,"Chicago, IL",Certified,"Electronics Engineers, Except Computer, Level II","100,000.00/Year"
A-16130-07073,2017-01-03,Globalfoundries U.s. Inc.,"Malta, NY",Certified,"Materials Engineers, Level IV","147,720.00/Year"
A-16189-30105,2016-12-29,Cp Shades Inc.,"Sausalito, CA",Certified,"Market Research Analysts and Marketing Specialists, Level I","60,000.00/Year"
A-16230-43435,2016-12-27,"Woodcrafters Home Products, Llc","Weslaco, TX",Certified,"Commercial and Industrial Designers, Level III","62,067.00/Year"
A-16293-63091,2016-12-27,Qualcomm Technologies Inc.,"San Diego, CA",Certified,"Transportation, Storage, and Distribution Managers, Level II","85,010.00/Year"
A-16125-05828,2016-12-27,"Airhop Communications, Inc.","San Diego, CA",Certified,"Software Developers, Systems Software, Level I","105,000.00/Year"
A-16301-66112,2016-12-23,"International Health Clinic, P.a.","Clearwater, FL",Certified,"Occupational Therapist, Level II","71,552.00/Year"
A-15329-43851,2016-12-22,G.b.t Inc.,"City of Industry, CA",Denied,"Market Research Analyst and Marketing Specialist, Level I","40,000.00/Year"
A-16278-58907,2016-12-22,Amazon Corporate Llc,"Seattle, WA",Certified,"Software Developers, Applications, Level II","101,088.00/Year"
A-16272-57166,2016-12-22,"Zspace, Inc.","Sunnyvale, CA",Certified,"Software Developers, Systems Software","105,000.00/Year"
A-16357-84229,2016-12-22,"Edgewood College, Inc.","Madison, WI",Withdrawn,"Education Teachers, Postsecondary, Level I","55,000.00/Year"
A-16126-06077,2016-12-21,Bay Area Montessori Materials Inc.,"Santa Clara, CA",Denied,"Kindergarten Teachers, Except Special Education, Level II","55,530.00/Year"
A-16194-31829,2016-12-21,Bne Global Inc.,"Romulus, MI",Certified,"Electronics Engineers, Except Computer, Level II","73,020.00/Year"
A-16299-65137,2016-12-21,"Jis Engine, L.p.","Arlington, TX",Certified,"Market Research Analysts and Marketing Specialists, Level II","53,019.00/Year"
A-16098-94387,2016-12-21,"Healthsouth Rehabilitation Hospital Of Arlington,l","Arlington, TX",Certified,"Occupational Therapist, Level II","74,838.00/Year"
A-16098-94348,2016-12-21,"Healthsouth Rehabilitation Hospital Of Arlington,l","Arlington, TX",Certified,"Occupational Therapist, Level II","74,838.00/Year"
A-10095-93366,2016-12-20,Ricon Corporation,"Panorama City, CA",Denied,"Mechanical Engineer, Level I","61,000.00/Year"
A-10265-21079,2016-12-20,Marin Software Inc.,"San Francisco, CA",Denied,"Computer Software Engineers, Applications, Level I","80,000.00/Year"
A-16299-64834,2016-12-20,Hilton Garden Inn New York Midtown / Park Avenue,"New York, NY",Certified,"Accountants and Auditors, Level II","76,170.00/Year"
A-16285-60285,2016-12-20,Garden Of Hope Inc.,"Flushing, NY",Certified,"Child Family and School Social Worker, Level II","48,235.00/Year"
A-16117-02355,2016-12-19,Ase (u.s.) Inc.,"Irvine, CA",Certified,"Electronics Engineers, Except Computer, Level I","65,541.00/Year"
A-16127-06893,2016-12-16,"Facebook, Inc.","Menlo Park, CA",Certified,"Software Developers, Applications, Level II","117,603.00/Year"
A-16099-95110,2016-12-16,Archcom Technology Inc.,"South Plainfield, NJ",Certified,"Optoelectrical Enginner, Level II","90,688.00/Year"
A-16278-58776,2016-12-16,"Testengeer, Inc.","Port Lavaca, TX",Certified,"Civil Engineers, Level I","33,488.00/Year"
A-16278-58767,2016-12-16,"Sun West Mortgage Co, Inc.","Cerritos, CA",Certified,"Computer Programmers, Level II","75,000.00/Year"
A-16266-55130,2016-12-16,Amazon Corporate Llc,"Seattle, WA",Certified,"Software Developers, Systems Software, Level II","99,466.00/Year"
A-16202-34205,2016-12-15,Marcum Bernstein & Pinchuk Llp,"New York, NY",Certified,"Marketing Managers, Level I","108,493.00/Year"
A-16182-27891,2016-12-15,Mediatek Usa Inc.,"SAN JOSE, CA",Certified,Sales Engineers,"85,000.00/Year"
A-16147-14860,2016-12-15,Google Inc.,"Mountain View, CA",Certified,"Software Developers, Applications","120,349.00/Year"
A-16134-09701,2016-12-15,Canaan Delicacies,"Artesia, CA",Certified,"Chinese Cook, Level III","43,950.00/Year"
A-16133-09553,2016-12-15,Denver County School District Aka Denver Public Sc,"Denver, CO",Certified,"Middle School Math and Science Teacher, Level I","39,880.00/Year"
A-16127-06574,2016-12-15,"Muy Hamburger Partners, Llc","MORAINE, OH",Certified,"Combined Food Preparation and Serving Workers, Including Fast Fo, Level I",8.63/Hour
A-16278-58905,2016-12-15,Innodisk Usa Corporation,"Fremont, CA",Certified,"Accountants and Auditors, Level II","72,000.00/Year"
A-16277-58448,2016-12-15,New York Poplin Llc,"New York, NY",Certified,"Fashion Production Coordinator, Level II","61,402.00/Year"
A-16277-58309,2016-12-14,Google Inc.,"Sunnyvale, CA",Certified,"Software Developers, Applications, Level II","120,349.00/Year"
A-16125-05611,2016-12-14,"Mighty Enterprises, Inc.","Torrance, CA",Denied,"Mechanical Engineer, Level I","64,147.00/Year"
A-16270-56160,2016-12-14,"Flex Logix Technologies, Inc.","Mountain View, CA",Certified,"Electronics Engineers, Except Computer, Level II","108,992.00/Year"
A-16293-63122,2016-12-14,Agma Systems Llc,"Bridgewater, NJ",Withdrawn,"Software Developers, Applications, Level III","103,626.00/Year"
A-16268-56008,2016-12-14,Blazee Inc.,"Fremont, CA",Certified,"Software Developers, Applications, Level I","79,498.00/Year"
A-16266-55370,2016-12-14,Panasonic Avionics Corporation,"Lake Forest, CA",Certified,"Software Developers, Systems Software","106,257.00/Year"
A-16266-55228,2016-12-14,Ebs Healthcare,"West Chester, PA",Certified,"Speech-Language Pathologist, Level II","73,341.00/Year"
A-16260-53593,2016-12-14,Fashion City Int'l Corp.,"La Verne, CA",Certified,"Sales Managers, Level I","53,768.00/Year"
A-16340-77465,2016-12-13,Amazon Corporate Llc,"Seattle, WA",Withdrawn,"Transportation, Storage, and Distribution Managers, Level IV","128,000.00/Year"
A-16323-73032,2016-12-13,"Muy Pizza Houston, Llc","SPRING, TX",Withdrawn,"COOKS, FAST FOOD, Level I","16,994.00/Year"
A-16274-58053,2016-12-13,Dell Products Lp,"Austin, TX",Certified,Financial Analysts,"115,900.00/Year"
A-16218-39604,2016-12-13,The Pnc Financial Services Group,"Pittsburgh, PA",Certified,"Statisticians, Level I","115,000.00/Year"
A-16273-57646,2016-12-12,"Continental Tire The Americas, Llc","Auburn Hills, MI",Certified,"Industrial Engineers, Level I","73,022.00/Year"
A-16273-57637,2016-12-12,"Tawa Services, Inc.","Buena Park, CA",Certified,"Market Reserch Analyst & Marketing Specialist, Level I","40,000.00/Year"
A-16258-52790,2016-12-12,Multi W Systems,"El Monte, CA",Certified,"Mechanical Engineers, Level III","99,466.00/Year"
A-16271-56495,2016-12-12,Google Inc.,"Mountain View, CA",Certified,"Software Developers, Applications","99,939.00/Year"
A-16270-56432,2016-12-12,"Goodland Global Farm, Inc.","Commerce, CA",Certified,"Logisticians, Level II","68,786.00/Year"
A-16270-56391,2016-12-12,University Of Pennsylvania,"Philadelphia, PA",Certified,"Biostatistician, Level I","62,000.00/Year"
A-16196-32685,2016-12-12,"Yourpeople, Inc. D/b/a Zenefits","San Francisco, CA",Denied,"Software Developers, Applications, Level II","160,000.00/Year"
A-10259-19936,2016-12-09,"J. R. Miller & Associates, Inc.","BREA, CA",Denied,"Interior Designers, Level I","33,634.00/Year"
A-13267-99737,2016-12-09,"Intelligent Automation, Inc.","Rockville, MD",Denied,"Computer and Information Research Scientists, Level I","63,544.00/Year"
A-11293-13148,2016-12-09,P. Huang Inc.,"Monterey Park, CA",Certified,"Accounting Clerk, Level II","32,600.00/Year"
A-16253-51398,2016-12-09,Diamond Wipes International Inc.,"Chino, CA",Certified,"Management Analyst, Level II","67,000.00/Year"
A-16293-63437,2016-12-09,"Yang & Wang, P.c.","City of Industry, CA",Certified,"INTERNATIONAL BUSINESS AND CORPORATE ATTORNEY, Level IV","213,970.00/Year"
A-16267-55784,2016-12-09,"Facebook, Inc.","Menlo Park, CA",Certified,"Software Developers, Applications, Level II","98,987.00/Year"
A-16165-20892,2016-12-09,Texas A&m; University-san Antonio,"San Antonio, TX",Certified,"Assistant Professor, Level I","87,150.00/Year"
A-16241-47063,2016-12-09,Garrido Printing Equipment Inc.,"Miami, FL",Certified,"Installation and Training Representative, Level IV","5,200.00/Month"
A-16134-09957,2016-12-09,Muy Pizza Tejas Llc,"DEL RIO, TX",Certified,"COMBINED FOOD PREPARATION AND SERVING WORKERS, INCLUDING FAST FO, Level I","16,848.00/Year"
A-16274-57793,2016-12-08,Google Inc.,"Mountain View, CA",Certified,"Software Developers, Applications","120,349.00/Year"
A-16272-57295,2016-12-08,Mentor Graphics Corporation,"Fremont, CA",Certified,"Software Developers, Systems Software, Level II","139,200.00/Year"
A-16144-13536,2016-12-08,Muy Pizza Southeast Llc,"GREENSBORO, NC",Certified,"COOKS, FAST FOOD, Level I","16,682.00/Year"
A-16035-69609,2016-12-08,Pink Tower Inc,"Sunnyvale, CA",Certified,"Kindergarten Teachers, Except Special Education, Level I","45,370.00/Year"
A-15322-40840,2016-12-07,"Rf Micro Devices, Inc. (dbaqorvo)","Greensboro, NC",Denied,"Electronic Engineer, Level II","85,250.00/Year"
A-16246-49338,2016-12-07,"Samsung Electronics America, Inc.","Ridgefield Park, NJ",Certified,"Computer Occupations, All Other, Level II","105,000.00/Year"
A-16128-06957,2016-12-07,"Pure Beauty Farms, Inc","Miami, FL",Certified,"Farmworkers and Laborers, Crop, Nursery and Greenhouse, Level I","17,909.00/Year"
A-16119-03627,2016-12-05,Prosci Incorporated,"Poway, CA",Certified,"Market Research Analysts and Marketing Specialists, Level II","52,208.00/Year"
A-16255-51517,2016-12-05,Asus Computer International,"Fremont, CA",Certified,"Marketing Manager, Level I","101,795.00/Year"
A-16255-51514,2016-12-05,Asus Computer International,"Basking Ridge, NJ",Certified,"Sales Managers, Level I","88,800.00/Year"
A-16254-51505,2016-12-05,Chiao Hsin Chinese Language School,"Monterey Park, CA",Certified,"Instructional Coordinators, Level II","58,531.00/Year"
A-16253-51448,2016-12-05,"Muy Hamburger Partners, Llc","Buffalo, NY",Certified,"Combined Food Preparation and Serving Workers, Including Fast Fo, Level I",9.75/Hour
A-16160-19665,2016-12-05,"Siliconware Usa, Inc.","San Jose, CA",Denied,"Materials Engineers, Level II","105,539.00/Year"
A-16243-47809,2016-12-02,Google Inc.,"Mountain View, CA",Certified,"Software Developers, Applications","99,939.00/Year"
A-16253-51271,2016-12-02,Jeditron Technologies Corp,"Fremont, CA",Certified,"Database Administrators, Level II","76,898.00/Year"
A-16259-53191,2016-12-01,Transperfect Translations International Inc.,"New York, NY",Certified,"Sales Engineers, Level I","65,270.00/Year"
A-16265-54649,2016-12-01,"Information Resources, Inc.","Chicago, IL",Certified,"Statisticians, Level I","90,000.00/Year"
A-16260-53399,2016-12-01,"Tc International, Inc.","Whittier, CA",Certified,"Commercial and Industrial Designers, Level II","57,075.00/Year"
A-16322-72247,2016-12-01,"Asian Kitchen, Inc. Dba Asian Kitchen","Elizabeth, CO",Withdrawn,"restaurant cook, Level IV","26,354.00/Year"
A-16244-48092,2016-11-30,Mediatek Usa Inc.,"Austin, TX",Certified,"Electronics Engineers, Except Computer, Level III","137,000.00/Year"
A-16242-47577,2016-11-30,General Transworld Corp,"Carson, CA",Certified,"Market Research Analysts and Marketing Specialists, Level I","39,354.00/Year"
A-16263-53840,2016-11-30,"Microassist, Inc.","Austin, TX",Certified,"Training and Development Specialists, Level II","48,339.00/Year"
A-16261-53688,2016-11-30,Royole Corporation,"Fremont, CA",Certified,"Device Engineer, Level II","92,581.00/Year"
A-16053-75587,2016-11-30,Piko Fashion Corporation,"Los Angeles, CA",Certified,"Market Research Analyst, Level I","39,354.00/Year"
A-16320-71435,2016-11-29,Amazon Corporate Llc,"Seattle, WA",Withdrawn,"Financial Managers, Level II","100,000.00/Year"
A-16259-53026,2016-11-29,Michael Lin,"Winters, CA",Certified,"Logisticians, Level I","56,347.00/Year"
A-16257-52144,2016-11-29,Yahoo! Inc.,"Sunnyvale, CA",Certified,"Network and Computer Systems Administrators, Level IV","130,000.00/Year"
A-16092-91957,2016-11-29,New York City Department Of Education,"Brooklyn, NY",Certified,"Clinical, Counseling, and School Psychologists","53,791.00/Year"
A-16250-49818,2016-11-29,"Logitech, Inc","Newark, CA",Certified,"Computer Occupations, All Other, Level IV","125,445.00/Year"
A-16242-47319,2016-11-29,"A10 Networks, Inc. (formerly Raksha Networks, Inc)","San Jose, CA",Certified,"Software Developers, Systems Software, Level II","132,300.00/Year"
A-16242-47310,2016-11-29,"Connor Group, Inc.","Santa Clara, CA",Certified,"Accountants and Auditors, Level IV","111,000.00/Year"
A-16238-46624,2016-11-28,Cymer Llc,"San Diego, CA",Certified,Mechanical Engineers,"100,776.26/Year"
A-16257-51959,2016-11-23,"Drvision Technologies, Llc","BELLEVUE, WA",Certified,"ALGORITHM ENGINEER 1, Level II","77,917.00/Year"
A-16197-33174,2016-11-23,West Chester University Of Pennsylvania,"West Chester, PA",Certified,"Business Teachers, Postsecondary","79,765.76/Year"
A-16251-50460,2016-11-23,Millennia Stainless Inc.,"Santa Fe Springs, CA",Certified,"Staff Accountant, Level I","47,300.00/Year"
A-16230-43472,2016-11-22,Marvell Semiconductor Inc,"Santa Clara, CA",Certified,"Electronics Engineers, Except Computer","111,000.00/Year"
A-16246-49493,2016-11-22,Foxconn Honhai Logistics Ca Llc,"Cupertino, CA",Certified,"Cost Estimators, Level II","61,838.00/Year"
A-16245-48819,2016-11-22,Prosys Data Technology Company,"Walnut, CA",Certified,"Public Relations Specialists, Level I","40,747.00/Year"
A-14339-31531,2016-11-21,Qualcomm Technologies Inc.,"San Diego, CA",Certified,"Electronics Engineers, Except Computer, Level II","119,476.00/Year"
A-16250-49733,2016-11-21,"Nsg Technology, Inc.","Houston, TX",Certified,"Financial Managers, Level II","116,397.00/Year"
A-16196-32599,2016-11-21,"Machine Zone, Inc","Palo Alto, CA",Certified,"Software Developers, Applications, Level II","150,000.00/Year"
A-16112-00248,2016-11-21,"Dentca, Inc.","LOS ANGELES, CA",Certified,"CHEMICAL ENGINEERS, Level I","48,984.00/Year"
A-16083-88487,2016-11-21,International School Of The Peninsula,"Palo Alto, CA",Certified,"Elementary School Teachers, Except Special Education, Level II","61,800.00/Year"
A-16055-76516,2016-11-21,Dyscientific Inc,"Santa Monica, CA",Certified,"Operations Research Analysts, Level I","90,000.00/Year"
A-16053-75198,2016-11-21,Doral Capital Corporation,"Philadelphia, PA",Certified,"Credit Analyst, Level III","77,022.00/Year"
A-15306-34814,2016-11-18,"Ds+b,ltd.","Minneapolis, MN",Denied,"Accountants and Auditors, Level III","70,013.00/Year"
A-16113-00766,2016-11-18,Caro Home Llc,"New York, NY",Certified,"Assistant Designer, Level I","48,422.00/Year"
A-16232-44460,2016-11-18,Apple Inc.,"Cupertino, CA",Certified,"Software Developers, Systems Software","130,000.00/Year"
A-16228-42578,2016-11-18,Bizlink Tech Inc,"El Paso, TX",Certified,"Accountants and Auditors, Level II","47,486.00/Year"
A-16228-42483,2016-11-18,"Atoptech, Inc.","Santa Clara, CA",Certified,"Electronics Engineers, Except Computer, Level II","108,805.00/Year"
A-16227-42154,2016-11-18,Mediatek Usa Inc.,"San Jose, CA",Certified,"Electronics Engineers, Except Computer, Level I","100,000.00/Year"
A-16227-42152,2016-11-18,Mediatek Usa Inc.,"San Jose, CA",Certified,"Electronics Engineers, Except Computer, Level II","109,658.00/Year"
A-16245-49003,2016-11-18,Lam Research Corporation,"Tualatin, OR",Certified,"Mechanical Engineers, Level II","90,000.00/Year"
A-16217-39439,2016-11-18,Worldwide Orchids Llc,"Apopka, FL",Certified,"General and Operations Managers, Level I","65,000.00/Year"
A-16193-30926,2016-11-18,Mediatek Usa Inc.,"San Jose, CA",Certified,"Executive Secretary/Assistant, Level IV","75,254.00/Year"
A-16322-72596,2016-11-18,"Muy Pizza Houston, Llc","SUGAR LAND, TX",Withdrawn,"COOKS, FAST FOOD, Level I","16,994.00/Year"
A-16139-11454,2016-11-17,Salesforce.com,"San Francisco, CA",Certified,"Software Developers, Systems Software, Level II","145,000.00/Year"
A-16244-48414,2016-11-17,Showingtime.com,"Chicago, IL",Certified,"graphic designers, Level II","43,000.00/Year"
A-16321-71831,2016-11-17,"Nexgrill Industries, Inc.","Chino, CA",Withdrawn,"Marketing Specialist, Level II","45,677.00/Year"
A-16215-38292,2016-11-16,"Worldquant, Llc","Old Greenwich, CT",Certified,"Software Developers, Applications, Level II","120,000.00/Year"
A-16236-45571,2016-11-16,"Verifone, Inc.","San Jose, CA",Certified,"Mechanical Engineers, Level IV","130,000.00/Year"
A-16197-33283,2016-11-16,Apple Inc.,"Cupertino, CA",Certified,"Materials Engineers, Level II","136,000.00/Year"
A-16236-45303,2016-11-16,"Valentin & Kalich Jewelry Mfg., Ltd.","NEW YORK, NY",Certified,"Budget Analyst, Level I","55,000.00/Year"
A-16235-45047,2016-11-16,Amazon Corporate Llc,"Seattle, WA",Certified,"Software Developers, Systems Software, Level II","99,466.00/Year"
A-16181-27426,2016-11-16,"Fairchild Semiconductor International, Inc.","Sunnyvale, CA",Certified,"Electronics Engineers, Except Computer, Level III","130,562.00/Year"
A-16231-44075,2016-11-16,Marvell Semiconductor Inc,"Santa Clara, CA",Certified,"Electronics Engineers, Except Computer","89,200.00/Year"
A-16112-00243,2016-11-16,Muy Pizza Tejas Llc,"Robstown, TX",Certified,"COOKS, FAST FOOD, Level I","16,744.00/Year"
A-16123-04570,2016-11-15,"Baily International, Inc.","HOUSTON, TX",Certified,"MARKET RESEARCH ANALYST AND MARKETING SPECIALIST, Level I","37,378.00/Year"
A-16224-41256,2016-11-15,Cognex Corporation,"Natick, MA",Certified,"Software Developers, Systems Software, Level II","94,203.00/Year"
A-16222-40381,2016-11-15,"Zt Group Int'l, Inc.","Seacaucus, NJ",Certified,"Customer Operations Manager, Level III","130,208.00/Year"
A-16221-40044,2016-11-15,"Trinity Industries, Inc.","Dallas, TX",Certified,"Accountants and Auditors, Level III","79,492.08/Year"
A-16215-38357,2016-11-15,Ems-chemie (north America) Inc.,"SUMTER, SC",Certified,"MARKET RESEARCH ANALYSTS AND MARKETING SPE, Level IV","80,000.00/Year"
A-16029-67154,2016-11-15,"Conntek Integrated Solutions, Inc.","Cudahy, WI",Denied,"Electrical Engineer, Level II","73,000.00/Year"
A-16235-45099,2016-11-15,"Muy Hamburger Partners, Llc","Rochester, NY",Certified,"Combined Food Preparation and Serving Workers, Including Fast Fo, Level I",9.75/Hour
A-16201-33762,2016-11-15,Hope College,"Holland, MI",Certified,"Foreign Language and Literature Teachers, Postsecondary, Level I","55,000.00/Year"
A-16231-44007,2016-11-15,"Headway Technologies, Inc.","Milpitas, CA",Certified,Materials Engineer,"106,657.00/Year"
A-16211-37387,2016-11-14,State University Of New York College At Oneonta,"ONEONTA, NY",Certified,Business Teachers - Post Secondary,"90,000.00/Year"
A-16210-37091,2016-11-14,"Cienet Technologies, Inc","Santa Clara, CA",Certified,"Computer and Information Systems Managers, Level IV","213,803.00/Year"
A-16203-34838,2016-11-14,Ecolab Inc.,"Elk Grove Village, IL",Certified,"Accountants and Auditors, Level IV","88,462.00/Year"
A-16216-38897,2016-11-14,Ay Tech Llc,"Newark, DE",Certified,"Biomedical Engineers, Level II","75,500.00/Year"
A-16208-36066,2016-11-10,Intelligent Epitaxy Technology Inc.,"Richardson, TX",Certified,"Accountants and Auditors, Level I","53,000.00/Year"
A-16197-33235,2016-11-09,Velocify Inc.,"El Segundo, CA",Certified,"Software Developers, Applications, Level II","87,975.00/Year"
A-16172-23966,2016-11-09,Apple Inc.,"Cupertino, CA",Certified,"Electronics Engineers, Except Computer, Level IV","173,000.00/Year"
A-16117-02252,2016-11-08,Ericsson Inc.,"Plano, TX",Certified,"Computer Systems Analysts, Level II","121,800.00/Year"
A-16231-43624,2016-11-08,"Mckinsey & Company, Inc United States","New York, NY",Certified,"Statisticians, Level II","118,000.00/Year"
A-16238-46314,2016-11-08,"Mcginnis Chen Associates, Inc","SAN FRANCISCO, CA",Denied,"ARCHITECTURAL DRAFTER, Level I","49,400.00/Year"
A-16229-42769,2016-11-08,"Defender Services, Inc.","Hendersonville, NC",Certified,"Packers and Packagers, Level I",8.20/Hour
A-16222-40517,2016-11-08,"Defender Services, Inc.","Gastonia, NC",Certified,"Packers and Packagers, Level I",8.20/Hour
A-16233-44560,2016-11-07,Carnival Corporation,"Miami, FL",Certified,"Web Developers, Level IV","80,000.00/Year"
A-16236-45206,2016-11-04,D2 Nova Corp,"Santa Barbara, CA",Certified,"Software Developers, Applications, Level II","90,000.00/Year"
A-15280-25945,2016-11-04,Gm Veterinary Corp.,"Tracy, CA",Denied,"Veterinarians, Level I","82,368.00/Year"
A-16214-37694,2016-11-04,Jp Morgan Chase & Co,"New York, NY",Certified,"Statisticians, Level I","115,000.00/Year"
A-16209-36474,2016-11-03,Callisonrtkl Inc.,"Los Angeles, CA",Certified,"Architects, Except Landscape and Naval, Level I","57,574.00/Year"
A-16061-78776,2016-11-03,Americana Pacific Law Group,"San Diego, CA",Certified,"Market Research Analysts, Level I","37,000.00/Year"
A-16078-86396,2016-11-02,Muy Pizza Tejas Llc,"New Braunfel, TX",Certified,"COOKS, FAST FOOD, Level I","16,765.00/Year"
A-16028-66675,2016-11-02,"U.s. Technical Consultants, Inc.","Fullerton, CA",Certified,"Sr. Stress Engineer, Level II","93,912.00/Year"
A-16211-37446,2016-11-02,Apple Inc.,"Cupertino, CA",Certified,"Logisticians, Level II","110,000.00/Year"
A-16243-48040,2016-11-02,Fertility Institute Of Hawaii,"Honolulu, HI",Certified,"Medical and Clinical Laboratory Technologists, Level IV","73,382.00/Year"
A-16200-33538,2016-11-02,"Azimuth Industrial Company, Inc.","Union City, CA",Certified,"Materials Engineers, Level II","93,288.00/Year"
A-16228-42236,2016-11-02,Microsoft Corporation,"Mountain View, CA",Certified,"Software Developers, Applications, Level II","120,420.00/Year"
A-16227-42144,2016-11-02,"Farmer's Business Network, Inc.","San Carlos, CA",Certified,"Software Developers, Applications, Level II","110,000.00/Year"
A-16225-42077,2016-11-02,Avery Dennison Corporation,"Mentor, OH",Certified,"Materials Engineers, Level II","85,068.00/Year"
A-15306-34952,2016-11-02,"Defender Services, Inc.","Anderson, SC",Denied,"Janitors and Cleaners, Except Maids and Housekeeping Cleaners, Level I",8.05/Hour
A-16238-46605,2016-11-02,"Cellmic, Llc","Los Angeles, CA",Certified,"Software Developers, Systems Software, Level II","101,000.00/Year"
A-16225-42036,2016-11-02,"Facebook, Inc.","Menlo Park, CA",Certified,"Software Developers, Systems Software, Level II","135,774.54/Year"
A-16174-25031,2016-11-02,"Demand Media, Inc.","Santa Monica, CA",Certified,"Software Developers, Applications, Level II","115,000.00/Year"
A-16221-40014,2016-11-02,Meritek Electronics Corporation,"Baldwin Park, CA",Certified,"Market Research Analysts and Marketing Specialists, Level I","39,354.00/Year"
A-16194-31707,2016-11-01,Chroma Ate Inc,"Irvine, CA",Certified,"Electrical Engineers, Level II","95,243.00/Year"
A-16193-31464,2016-11-01,Cpc Ardor Collection Inc,"South El Monte, CA",Certified,"First Line Supervisor (Wholesaler, International Trade), Level III","65,936.00/Year"
A-16193-31252,2016-11-01,"Facebook, Inc.","Menlo Park, CA",Certified,"Software Developers, Applications, Level II","117,603.00/Year"
A-16034-68544,2016-11-01,"Teachers College, Columbia University","New York, NY",Denied,"Social Science Research Assistants, Level IV","43,000.00/Year"
A-16133-09160,2016-11-01,Microsoft Corporation,"Redmond, WA",Certified,"Software Developers, Applications, Level II","126,500.00/Year"
A-16172-23949,2016-10-31,Apple Inc.,"Cupertino, CA",Certified,"Materials Engineers, Level IV","181,000.00/Year"
A-16092-92073,2016-10-31,"Amazon Web Services, Inc.","Seattle, WA",Certified,Computer and Information Systems Managers,"106,182.00/Year"
A-16197-33125,2016-10-31,"Wctu, Inc.","LOS ANGELES, CA",Certified,"GRAPHIC DESIGNERS, Level I","33,904.00/Year"
A-16235-45144,2016-10-28,"Formosa Plastics Corporation, Texas","Point Comfort, TX",Certified,"Mechanical Engineer, Level I","80,038.00/Year"
A-16235-44758,2016-10-28,Google Inc.,"Mountain View, CA",Certified,"Software Developers, Applications, Level I","98,342.00/Year"
A-16230-43503,2016-10-28,Google Inc.,"Mountain View, CA",Certified,"Software Developers, Applications","99,939.00/Year"
A-16071-83605,2016-10-28,National Recycling Corporation,"Oakland, CA",Denied,"Computer Systems Analysts, Level I","60,029.00/Year"
A-16099-94793,2016-10-28,"Suncore Photovoltaics, Inc.","Albuquerque, NM",Withdrawn,"Civil Engineers, Level II","70,200.00/Year"
A-16182-28307,2016-10-28,Google Inc.,"Mountain View, CA",Certified,"Software Developers, Applications","99,939.00/Year"
A-14069-50897,2016-10-27,Duke University And Medical Center,"Durham, NC",Certified,"Management Analysts, Level IV","105,102.00/Year"
A-16238-46647,2016-10-27,"Formosa Plastics Corporation, Texas","Point Comfort, TX",Certified,"Instrument Engineer, Level I","77,875.00/Year"
A-16053-75534,2016-10-27,Mlp Restaurant Inc,"Pikeville, KY",Certified,"Cooks, Restaurant, Level III","18,637.00/Year"
A-16231-44072,2016-10-27,Nvidia Corporation,"Santa Clara, CA",Certified,Marketing Managers,"141,924.00/Year"
A-16228-42379,2016-10-27,Tsmc North America,"San Diego, CA",Certified,"Materials Engineers, Level II","83,325.00/Year"
A-16133-08951,2016-10-27,Good Day Chiropractic & Rehab Pc,"Schaumburg, IL",Certified,"Health Diagnosing and Treating Practitioners, All Other, Level I","37,232.00/Year"
A-16064-80609,2016-10-27,Scientific Technology Electronics Products Inc.,"Chino, CA",Certified,"Purchasing Agent, Level I","38,189.00/Year"
A-16207-35586,2016-10-26,Intel Corporation,"Santa Clara, CA",Certified,"Software Developers, Systems Software","138,403.00/Year"
A-15323-41750,2016-10-26,"Fona International, Inc.","Geneva, IL",Denied,"Food Scientists & Technologists, Level IV","76,523.00/Year"
A-16167-21914,2016-10-25,Jeng Chi Foods Corp,"Richardson, TX",Certified,"Operations Research Analyst, Level II","74,152.00/Year"
A-16148-15659,2016-10-25,University Of Massachusetts Lowell,"Lowell, MA",Certified,"Health Specialties Teachers, Postsecondary","83,435.10/Year"
A-16246-49380,2016-10-25,Hilton Garden Inn New York Midtown / Park Avenue,"New York, NY",Withdrawn,"Accountants and Auditors, Level II","76,170.00/Year"
A-16197-33116,2016-10-25,Neutron Inc.,"STATE COLLEGE, PA",Certified,"Training and Development Specialists, Level II","48,000.00/Year"
A-16202-34583,2016-10-24,"Western Digital Technologies, Inc.","Milpitas, CA",Certified,"Electronics Engineers, Except Computer, Level IV","163,728.00/Year"
A-15352-52707,2016-10-24,Microsoft Corporation,"Redmond, WA",Certified,"Software Developers, Applications, Level II","105,000.00/Year"
A-14335-29743,2016-10-24,"Omnivision Technologies, Inc.","Santa Clara, CA",Certified,"Electronics Engineers, Except Computer, Level I","87,422.00/Year"
A-16169-22945,2016-10-24,University Of Central Florida,"Orlando, FL",Certified,"Area, Ethnic, and Cultural Studies Teachers, Postsecondary, Level I","58,650.00/Year"
A-16223-41155,2016-10-24,Lg Chem Power Inc,"Troy, MI",Certified,"Electronics Engineers, Except Computer, Level II","73,278.00/Year"
A-16195-32489,2016-10-21,Muy Pizza Tejas Llc,"Boerne, TX",Certified,"COMBINED FOOD PREPARATION AND SERVING WORKERS, INCLUDING FAST FO, Level I","16,848.00/Year"
A-16062-79416,2016-10-21,"Muy Hamburger Partners, Llc","SAGINAW, TX",Certified,"Combined Food Preparation and Serving Workers, Including Fast Fo, Level I",8.08/Hour
A-16232-44462,2016-10-21,"Oliver Wyman, Inc","New York, NY",Certified,"Management Analysts, Level IV","170,000.00/Year"
A-16210-36713,2016-10-20,Ruckus Wireless Inc,"Sunnyvale, CA",Certified,"Software Developers, Systems Software, Level III","160,000.00/Year"
A-16258-52604,2016-10-20,Ebs Healthcare,"West Chester, PA",Withdrawn,"Occupational Therapists, Level III","76,586.00/Year"
A-16239-46864,2016-10-19,Vsquare Infotech Inc,"ISELIN, NJ",Certified,"Software Developers, Applications, Level II","83,741.00/Year"
A-16204-35281,2016-10-19,Case Farms Processing Inc.,"Morganton, NC",Certified,"Butchers and Meat Cutters, Level I",9.60/Hour
A-16081-86931,2016-10-19,"Netapp, Inc.","Cranberry Township, PA",Certified,"Software Developers, Systems Software, Level II","80,000.00/Year"
A-16236-45287,2016-10-19,Silicon Laboratories Inc.,"Austin, TX",Certified,"Electronics Engineers, Except Computer, Level III","102,996.00/Year"
A-16217-39434,2016-10-19,"Skyworks Solutions, Inc.","Newbury Park, CA",Certified,"Sales Engineers, Level IV","119,246.00/Year"
A-16292-62984,2016-10-19,"Yang & Wang, P.c.","City of Industry, CA",Withdrawn,"INTERNATIONAL BUSINESS AND CORPORATE ATTORNEY, Level IV","213,970.00/Year"
A-16190-30871,2016-10-18,"Selldorf Architects, Llc","New York, NY",Certified,"Architects, Level I","57,096.00/Year"
A-16180-27204,2016-10-17,Maitreya's Concern Mission,"Baldwin Park, CA",Certified,"Acupuncturist, Level II","54,246.00/Year"
A-16152-16315,2016-10-17,Intel Corporation,"Santa Clara, CA",Certified,"Software Developers, Systems Software","138,403.00/Year"
A-16197-33110,2016-10-17,Htc America Innovation,"Seattle, WA",Certified,"Multimedia Artists and Animators, Level III","81,620.00/Year"
A-16168-22452,2016-10-17,"Mufg Union Bank, N.a.","JERSEY CITY, NJ",Certified,"Software Developers, Applications, Level IV","130,666.00/Year"
A-16194-31640,2016-10-17,"Leapers, Inc.","Livonia, MI",Certified,"Electrical Engineers, Level II","82,070.00/Year"
A-16049-74335,2016-10-17,Ahi Ahi Sushi Bar & Grill Lp,"FOOTHILL RANCH, CA",Certified,"KITCHEN HELPER, Level IV","26,000.00/Year"
A-16166-21581,2016-10-17,Atalanta Corporation,"Elizabeth, NJ",Certified,"Food Scientists and Technologists, Level II","70,000.00/Year"
A-16197-33263,2016-10-14,"Townsteel, Inc.","City of Industry, CA",Certified,"Mechanical Engineer, Level II","81,432.00/Year"
A-16190-30711,2016-10-14,Frog Design,"New York, NY",Certified,"Multimedia Artists and Animators, Level II","80,232.00/Year"
A-16174-24892,2016-10-14,Pharmerit North America Llc,"Bethesda, MD",Certified,"Epidemiologists, Level II","90,000.00/Year"
A-16165-20850,2016-10-14,Globalfoundries U.s. Inc.,"Malta, NY",Certified,Industrial Engineers,"92,340.00/Year"
A-16195-32508,2016-10-13,Muy Pizza Tejas Llc,"Kerrville, TX",Certified,"COOKS, FAST FOOD, Level I","16,744.00/Year"
A-16193-31161,2016-10-13,"Hermes Microvision, Inc.","San Jose, CA",Certified,"Mechanical Engineers, Level II","93,995.00/Year"
A-16190-30821,2016-10-13,"World Journal La, Llc","Monterey Park, CA",Certified,"Reporters and Correspondents, Level II","37,294.00/Year"
A-16188-29612,2016-10-13,Acme Furniture Industry Inc.,"CITY OF INDUSTRY, CA",Certified,"MARKET RESEARCH ANALYST, Level I","39,354.00/Year"
A-16165-21167,2016-10-12,Rush University Medical Center,"Chicago, IL",Certified,"Mathematical Science Teachers, Postsecondary, Level I","86,694.00/Year"
A-16153-16556,2016-10-12,Us Army Defense Language Institute Foreign La,"Monterey, CA",Certified,"Foreign Language and Literature Teacher, Postsecondary, Level I","55,400.00/Year"
A-16071-83502,2016-10-12,Ms Technologies Corporation,"Rockville, MD",Certified,"Computer Network Support Specialists, Level II","53,893.00/Year"
A-16274-57917,2016-10-12,Texas Instruments Incorporated,"Dallas, TX",Withdrawn,"Electronics Engineers, Except Computer, Level III","105,704.64/Year"
A-16189-30232,2016-10-12,"Muy Hamburger Partners, Llc","WACO, TX",Certified,"Combined Food Preparation and Serving Workers, Including Fast Fo, Level I",8.09/Hour
A-16188-29889,2016-10-12,"Muy Hamburger Partners, Llc","DALLAS, TX",Certified,"Combined Food Preparation and Serving Workers, Including Fast Fo, Level I",8.11/Hour
A-16188-29862,2016-10-12,"Storm8, Inc.","Redwood City, CA",Certified,"Art Directors, Level I","90,000.00/Year"
A-16186-28967,2016-10-12,"Muy Hamburger Partners, Llc","DAYTON, OH",Certified,"Combined Food Preparation and Serving Workers, Including Fast Fo, Level I",8.63/Hour
A-16185-28915,2016-10-12,"Super Micro Computer, Inc.","San Jose, CA",Certified,"Electronic Engineers, except Computer, Level II","115,000.00/Year"
A-16184-28903,2016-10-12,"Super Micro Computer, Inc.","San Jose, CA",Certified,"Electronics Engineers, except Computer, Level II","108,992.00/Year"
A-15345-49743,2016-10-11,"First Cable Line, Inc.","Arcadia, CA",Certified,"Market Research Analysts and Marketing Specialists, Level I","39,354.00/Year"
A-16178-26052,2016-10-11,Intel Corporation,"Chandler, AZ",Certified,"Software Developers, Systems Software, Level IV","113,838.00/Year"
A-16210-36899,2016-10-11,New York & Company,"New York, NY",Certified,"Computer Systems Analysts, Level IV","120,224.00/Year"
A-16140-12039,2016-10-11,"Hauptman Ham, Llp","Alexandria, VA",Certified,"Paralegals and Legal Assistants, Level IV","82,368.00/Year"
A-16230-43148,2016-10-11,Garden Of Hope Inc.,"Flushing, NY",Withdrawn,"Child Family and Scholl Social Worker, Level II","48,235.00/Year"
A-16167-21960,2016-10-07,Ruckus Wireless Inc,"Sunnyvale, CA",Certified,"Software Developers, Systems Software, Level III","138,403.00/Year"
A-16165-21296,2016-10-07,Nvidia Corporation,"Santa Clara, CA",Certified,"Software Developers, Systems Software, Level IV","157,477.00/Year"
A-16032-67438,2016-10-07,"W.w. Grainger, Inc.","Lake Forest, IL",Certified,"Infrastructure Software Administrator, Level II","83,300.00/Year"
A-16173-24400,2016-10-07,Peregrine Semiconductor Corporation,"San Diego, CA",Certified,"Electronics Engineers, Except Computer, Level II","96,970.00/Year"
A-16203-34914,2016-10-06,"Parasol Co, Inc.","Santa Ana, CA",Certified,"Software Developers, Applications, Level II","86,674.00/Year"
A-16195-31978,2016-10-06,Jinkosolar (u.s.) Inc.,"San Francisco, CA",Certified,"Accountants and Auditors, Level II","72,571.00/Year"
A-16193-31136,2016-10-06,Lyft Inc,"SAN FRANCISCO, CA",Certified,"Software Developers, Applications, Level II","130,000.00/Year"
A-16188-29774,2016-10-06,Practicehwy.com,"Farmers Branch, TX",Certified,"Software Developers, Applications, Level II","81,952.00/Year"
A-16188-29429,2016-10-06,"K&l; Brothers, Inc. T/a Peking Pavillion","Manalapan, NJ",Certified,"Chefs and Head Cooks, Level III","49,691.00/Year"
A-16159-18853,2016-10-06,Pricewaterhousecoopers Advisory Services Llc,"Atlanta, GA",Certified,"Management Analysts, Level II","140,000.00/Year"
A-16210-36918,2016-10-05,Gmp Global Marketing Inc,"WALNUT, CA",Certified,"DIRECTOR OF OPERATIONS, Level IV","98,675.00/Year"
A-16144-13527,2016-10-05,"Novo Engineering, Inc.","VISTA, CA",Certified,"Software Developers, Systems Software, Level II","99,861.00/Year"
A-16207-35762,2016-10-05,Nellson Nutraceutical Llc,"Anaheim, CA",Certified,"Food Scientists and Technologist, Level III","62,608.00/Year"
A-16013-60672,2016-10-05,"Mercer Capital Management, Inc.","Dallas, TX",Denied,"Accountants and Auditors, Level I","52,000.00/Year"
A-16176-25924,2016-10-04,"Nutanix, Inc.","San Jose, CA",Certified-Expired,"Software Developers, Systems Software, Level II","119,350.00/Year"
A-16173-24183,2016-10-04,Nvidia Corporation,"Santa Clara, CA",Certified-Expired,"Accountants and Auditors, Level IV","140,000.00/Year"
A-16166-21798,2016-10-03,Intel Corporation,"San Jose, CA",Certified-Expired,"Electronics Engineers, Except Computer","112,179.00/Year"
A-16144-13619,2016-10-03,Ily Enterprise Inc.,"City of Industry, CA",Certified-Expired,"Network and Computer Systems Administrators, Level II","68,078.00/Year"
A-16203-34823,2016-10-03,Hello Inc.,"San Francisco, CA",Certified-Expired,"Hardware Engineer, Level II","135,000.00/Year"
A-16027-65853,2016-10-03,Bay Area Montessori Materials Inc.,"Santa Clara, CA",Withdrawn,"Kindergarten Teachers, Except Special Education, Level II","55,530.00/Year"
A-16124-05210,2016-10-03,Bay Area Montessori Materials Inc.,"Santa Clara, CA",Withdrawn,"Kindergarten Teachers, Except Special Education, Level II","55,530.00/Year"
